Workbook

Sheet SUMMARY
A1: L2 Mid Level - SauceDemo - Summary & Traceability
A3: Module sheet | B3: So L2 conditions
A4: L2_LOGIN | B4: =COUNTA(L2_LOGIN!A2:A100)
A5: L2_INVENTORY | B5: =COUNTA(L2_INVENTORY!A2:A100)
A6: L2_PRODUCT_DETAIL | B6: =COUNTA(L2_PRODUCT_DETAIL!A2:A100)
A7: L2_CART | B7: =COUNTA(L2_CART!A2:A100)
A8: L2_CHECKOUT | B8: =COUNTA(L2_CHECKOUT!A2:A100)
A9: L2_E2E_FLOW | B9: =COUNTA(L2_E2E_FLOW!A2:A100)
A10: TOTAL | B10: =SUM(B4:B9)
A12: Traceability: moi HL case phai co >= 1 L2 condition
A13: hl_tc_id | B13: So L2 | C13: Check
A14: HL-AUTH-01 | B14: =COUNTIF(L2_LOGIN!B2:B100,A14)+COUNTIF(L2_INVENTORY!B2:B100,A14)+COUNTIF(L2_PRODUCT_DETAIL!B2:B100,A14)+COUNTIF(L2_CART!B2:B100,A14)+COUNTIF(L2_CHECKOUT!B2:B100,A14)+COUNTIF(L2_E2E_FLOW!B2:B100,A14) | C14: =IF(B14>0,"OK","MISSING")
A15: HL-AUTH-02 | B15: =COUNTIF(L2_LOGIN!B2:B100,A15)+COUNTIF(L2_INVENTORY!B2:B100,A15)+COUNTIF(L2_PRODUCT_DETAIL!B2:B100,A15)+COUNTIF(L2_CART!B2:B100,A15)+COUNTIF(L2_CHECKOUT!B2:B100,A15)+COUNTIF(L2_E2E_FLOW!B2:B100,A15) | C15: =IF(B15>0,"OK","MISSING")
A16: HL-AUTH-03 | B16: =COUNTIF(L2_LOGIN!B2:B100,A16)+COUNTIF(L2_INVENTORY!B2:B100,A16)+COUNTIF(L2_PRODUCT_DETAIL!B2:B100,A16)+COUNTIF(L2_CART!B2:B100,A16)+COUNTIF(L2_CHECKOUT!B2:B100,A16)+COUNTIF(L2_E2E_FLOW!B2:B100,A16) | C16: =IF(B16>0,"OK","MISSING")
A17: HL-AUTH-04 | B17: =COUNTIF(L2_LOGIN!B2:B100,A17)+COUNTIF(L2_INVENTORY!B2:B100,A17)+COUNTIF(L2_PRODUCT_DETAIL!B2:B100,A17)+COUNTIF(L2_CART!B2:B100,A17)+COUNTIF(L2_CHECKOUT!B2:B100,A17)+COUNTIF(L2_E2E_FLOW!B2:B100,A17) | C17: =IF(B17>0,"OK","MISSING")
A18: HL-AUTH-05 | B18: =COUNTIF(L2_LOGIN!B2:B100,A18)+COUNTIF(L2_INVENTORY!B2:B100,A18)+COUNTIF(L2_PRODUCT_DETAIL!B2:B100,A18)+COUNTIF(L2_CART!B2:B100,A18)+COUNTIF(L2_CHECKOUT!B2:B100,A18)+COUNTIF(L2_E2E_FLOW!B2:B100,A18) | C18: =IF(B18>0,"OK","MISSING")
A19: HL-PERF-01 | B19: =COUNTIF(L2_LOGIN!B2:B100,A19)+COUNTIF(L2_INVENTORY!B2:B100,A19)+COUNTIF(L2_PRODUCT_DETAIL!B2:B100,A19)+COUNTIF(L2_CART!B2:B100,A19)+COUNTIF(L2_CHECKOUT!B2:B100,A19)+COUNTIF(L2_E2E_FLOW!B2:B100,A19) | C19: =IF(B19>0,"OK","MISSING")
A20: HL-INV-01 | B20: =COUNTIF(L2_LOGIN!B2:B100,A20)+COUNTIF(L2_INVENTORY!B2:B100,A20)+COUNTIF(L2_PRODUCT_DETAIL!B2:B100,A20)+COUNTIF(L2_CART!B2:B100,A20)+COUNTIF(L2_CHECKOUT!B2:B100,A20)+COUNTIF(L2_E2E_FLOW!B2:B100,A20) | C20: =IF(B20>0,"OK","MISSING")
A21: HL-INV-02 | B21: =COUNTIF(L2_LOGIN!B2:B100,A21)+COUNTIF(L2_INVENTORY!B2:B100,A21)+COUNTIF(L2_PRODUCT_DETAIL!B2:B100,A21)+COUNTIF(L2_CART!B2:B100,A21)+COUNTIF(L2_CHECKOUT!B2:B100,A21)+COUNTIF(L2_E2E_FLOW!B2:B100,A21) | C21: =IF(B21>0,"OK","MISSING")
A22: HL-INV-03 | B22: =COUNTIF(L2_LOGIN!B2:B100,A22)+COUNTIF(L2_INVENTORY!B2:B100,A22)+COUNTIF(L2_PRODUCT_DETAIL!B2:B100,A22)+COUNTIF(L2_CART!B2:B100,A22)+COUNTIF(L2_CHECKOUT!B2:B100,A22)+COUNTIF(L2_E2E_FLOW!B2:B100,A22) | C22: =IF(B22>0,"OK","MISSING")
A23: HL-NAV-01 | B23: =COUNTIF(L2_LOGIN!B2:B100,A23)+COUNTIF(L2_INVENTORY!B2:B100,A23)+COUNTIF(L2_PRODUCT_DETAIL!B2:B100,A23)+COUNTIF(L2_CART!B2:B100,A23)+COUNTIF(L2_CHECKOUT!B2:B100,A23)+COUNTIF(L2_E2E_FLOW!B2:B100,A23) | C23: =IF(B23>0,"OK","MISSING")
A24: HL-NAV-02 | B24: =COUNTIF(L2_LOGIN!B2:B100,A24)+COUNTIF(L2_INVENTORY!B2:B100,A24)+COUNTIF(L2_PRODUCT_DETAIL!B2:B100,A24)+COUNTIF(L2_CART!B2:B100,A24)+COUNTIF(L2_CHECKOUT!B2:B100,A24)+COUNTIF(L2_E2E_FLOW!B2:B100,A24) | C24: =IF(B24>0,"OK","MISSING")
A25: HL-VIS-01 | B25: =COUNTIF(L2_LOGIN!B2:B100,A25)+COUNTIF(L2_INVENTORY!B2:B100,A25)+COUNTIF(L2_PRODUCT_DETAIL!B2:B100,A25)+COUNTIF(L2_CART!B2:B100,A25)+COUNTIF(L2_CHECKOUT!B2:B100,A25)+COUNTIF(L2_E2E_FLOW!B2:B100,A25) | C25: =IF(B25>0,"OK","MISSING")
A26: HL-INV-04 | B26: =COUNTIF(L2_LOGIN!B2:B100,A26)+COUNTIF(L2_INVENTORY!B2:B100,A26)+COUNTIF(L2_PRODUCT_DETAIL!B2:B100,A26)+COUNTIF(L2_CART!B2:B100,A26)+COUNTIF(L2_CHECKOUT!B2:B100,A26)+COUNTIF(L2_E2E_FLOW!B2:B100,A26) | C26: =IF(B26>0,"OK","MISSING")
A27: HL-INV-05 | B27: =COUNTIF(L2_LOGIN!B2:B100,A27)+COUNTIF(L2_INVENTORY!B2:B100,A27)+COUNTIF(L2_PRODUCT_DETAIL!B2:B100,A27)+COUNTIF(L2_CART!B2:B100,A27)+COUNTIF(L2_CHECKOUT!B2:B100,A27)+COUNTIF(L2_E2E_FLOW!B2:B100,A27) | C27: =IF(B27>0,"OK","MISSING")
A28: HL-INV-06 | B28: =COUNTIF(L2_LOGIN!B2:B100,A28)+COUNTIF(L2_INVENTORY!B2:B100,A28)+COUNTIF(L2_PRODUCT_DETAIL!B2:B100,A28)+COUNTIF(L2_CART!B2:B100,A28)+COUNTIF(L2_CHECKOUT!B2:B100,A28)+COUNTIF(L2_E2E_FLOW!B2:B100,A28) | C28: =IF(B28>0,"OK","MISSING")
A29: HL-CART-01 | B29: =COUNTIF(L2_LOGIN!B2:B100,A29)+COUNTIF(L2_INVENTORY!B2:B100,A29)+COUNTIF(L2_PRODUCT_DETAIL!B2:B100,A29)+COUNTIF(L2_CART!B2:B100,A29)+COUNTIF(L2_CHECKOUT!B2:B100,A29)+COUNTIF(L2_E2E_FLOW!B2:B100,A29) | C29: =IF(B29>0,"OK","MISSING")
A30: HL-CART-02 | B30: =COUNTIF(L2_LOGIN!B2:B100,A30)+COUNTIF(L2_INVENTORY!B2:B100,A30)+COUNTIF(L2_PRODUCT_DETAIL!B2:B100,A30)+COUNTIF(L2_CART!B2:B100,A30)+COUNTIF(L2_CHECKOUT!B2:B100,A30)+COUNTIF(L2_E2E_FLOW!B2:B100,A30) | C30: =IF(B30>0,"OK","MISSING")
A31: HL-CART-03 | B31: =COUNTIF(L2_LOGIN!B2:B100,A31)+COUNTIF(L2_INVENTORY!B2:B100,A31)+COUNTIF(L2_PRODUCT_DETAIL!B2:B100,A31)+COUNTIF(L2_CART!B2:B100,A31)+COUNTIF(L2_CHECKOUT!B2:B100,A31)+COUNTIF(L2_E2E_FLOW!B2:B100,A31) | C31: =IF(B31>0,"OK","MISSING")
A32: HL-CHK-01 | B32: =COUNTIF(L2_LOGIN!B2:B100,A32)+COUNTIF(L2_INVENTORY!B2:B100,A32)+COUNTIF(L2_PRODUCT_DETAIL!B2:B100,A32)+COUNTIF(L2_CART!B2:B100,A32)+COUNTIF(L2_CHECKOUT!B2:B100,A32)+COUNTIF(L2_E2E_FLOW!B2:B100,A32) | C32: =IF(B32>0,"OK","MISSING")
A33: HL-CHK-02 | B33: =COUNTIF(L2_LOGIN!B2:B100,A33)+COUNTIF(L2_INVENTORY!B2:B100,A33)+COUNTIF(L2_PRODUCT_DETAIL!B2:B100,A33)+COUNTIF(L2_CART!B2:B100,A33)+COUNTIF(L2_CHECKOUT!B2:B100,A33)+COUNTIF(L2_E2E_FLOW!B2:B100,A33) | C33: =IF(B33>0,"OK","MISSING")
A34: HL-CHK-04 | B34: =COUNTIF(L2_LOGIN!B2:B100,A34)+COUNTIF(L2_INVENTORY!B2:B100,A34)+COUNTIF(L2_PRODUCT_DETAIL!B2:B100,A34)+COUNTIF(L2_CART!B2:B100,A34)+COUNTIF(L2_CHECKOUT!B2:B100,A34)+COUNTIF(L2_E2E_FLOW!B2:B100,A34) | C34: =IF(B34>0,"OK","MISSING")
A35: HL-CHK-03 | B35: =COUNTIF(L2_LOGIN!B2:B100,A35)+COUNTIF(L2_INVENTORY!B2:B100,A35)+COUNTIF(L2_PRODUCT_DETAIL!B2:B100,A35)+COUNTIF(L2_CART!B2:B100,A35)+COUNTIF(L2_CHECKOUT!B2:B100,A35)+COUNTIF(L2_E2E_FLOW!B2:B100,A35) | C35: =IF(B35>0,"OK","MISSING")
A36: HL-CART-04 | B36: =COUNTIF(L2_LOGIN!B2:B100,A36)+COUNTIF(L2_INVENTORY!B2:B100,A36)+COUNTIF(L2_PRODUCT_DETAIL!B2:B100,A36)+COUNTIF(L2_CART!B2:B100,A36)+COUNTIF(L2_CHECKOUT!B2:B100,A36)+COUNTIF(L2_E2E_FLOW!B2:B100,A36) | C36: =IF(B36>0,"OK","MISSING")
A37: HL-UX-01 | B37: =COUNTIF(L2_LOGIN!B2:B100,A37)+COUNTIF(L2_INVENTORY!B2:B100,A37)+COUNTIF(L2_PRODUCT_DETAIL!B2:B100,A37)+COUNTIF(L2_CART!B2:B100,A37)+COUNTIF(L2_CHECKOUT!B2:B100,A37)+COUNTIF(L2_E2E_FLOW!B2:B100,A37) | C37: =IF(B37>0,"OK","MISSING")

Sheet FRAMEWORK_RULES
A1: Nhom | B1: Rule | C1: Chi tiet / vi du | D1: Loi thuong gap / hau qua
A2: 1. Sheet & Header | B2: Ten sheet dung prefix | C2: TEST_CASE_<MODULE>, ELEMENT_<MODULE> (BAT BUOC co, thieu = throw error), DATA_<MODULE> (tuy chon), PAGE + PRECONDITION dung chung | D2: Dat ten sheet sai prefix -> framework khong nhin thay module
A3: 1. Sheet & Header | B3: Header dong 1 dung ten cot | C3: tc_id, is_run, summary, type, parameterized, added_manually, precondition, step, action, target, value, expected + cac cot [o]_* de framework ghi ket qua | D3: Framework do cot DONG theo ten header - sai chinh ta ten cot = cot bi bo qua im lang
A4: 2. TEST_CASE | B4: is_run chi nhan ON / OFF | C4: ON = chay, OFF = bo qua. Khong phan biet hoa thuong nhung PHAI la ON/OFF | D4: Loi da gap: dien 'Y' -> [Excel Format Error] chan ca run
A5: 2. TEST_CASE | B5: Metadata CHI o dong step dau tien | C5: tc_id, is_run, summary, type, parameterized, added_manually, precondition chi dien o dong step 1; cac dong step sau DE TRONG het cac cot nay (merged-cell style) | D5: Loi da gap: lap tc_id moi dong -> ExcelReader ghi de TC, chi con lai DUY NHAT step cuoi
A6: 2. TEST_CASE | B6: type = pos hoac neg | C6: Quyet dinh cach match DATA (xem nhom 4) va phan loai bao cao | D6: Dien 'NORMAL' -> khong match duoc DATA khi parameterized=Y
A7: 2. TEST_CASE | B7: parameterized nhat quan voi value | C7: Y <=> co tham chieu $ trong value; N <=> khong co. Sai chieu nao validate cung chan | D7: De trong -> bi chan (yeu cau bat buoc N)
A8: 2. TEST_CASE | B8: parameterized=Y keo theo 2 dieu kien | C8: type khong duoc trong VA DATA_<MODULE> phai co >= 1 dong khop | D8: Thieu 1 trong 2 -> [Excel Format Error]
A9: 2. TEST_CASE | B9: precondition la chuoi pre_id | C9: Nhieu pre_id cach nhau dau phay, chay theo dung thu tu trai->phai | D9: Vi du: pre_super_admin_login_success, pre_cart_backpack
A10: 3. Tham chieu value | B10: $data_<ten>.<column> | C10: <ten> sau 'data_' tuy y, <column> PHAI trung header cua sheet DATA. Vi du: $data_login.username | D10: Sai ten column -> resolve thanh chuoi rong, khong bao loi
A11: 3. Tham chieu value | B11: Cac dang khac | C11: ${bien} (Shared Runtime Context tu set_context/capture_text), ${env:VAR} (bien moi truong), $env_data.element_id[RANDOM|INDEX:n] (dropdown dong theo env)
A12: 3. Tham chieu value | B12: O DATA trong = chuoi rong | C12: Dung chu dich cho case bo trong field (empty username/password/first name...) | D12: Khong can tao gia tri dac biet kieu 'EMPTY'
A13: 4. DATA matching | B13: test_case_type = exact tc_id | C13: Dong DATA chi danh rieng cho TC do (khong phan biet hoa thuong). Cach DUY NHAT tach 1 TC pos khoi pool chung | D13: VD: performance_glitch phai dung exact tc_id, neu de type pos se hut ca 4 user vao TC
A14: 4. DATA matching | B14: test_case_type = pos | C14: MOI TC pos parameterized=Y trong module deu chay het cac dong pos (pool chung) - can than khi them dong pos moi | D14: Them 1 dong pos -> TAT CA TC pos data-driven tang them 1 iteration
A15: 4. DATA matching | B15: neg_tc_N | C15: Chi khop TC neg co tc_id ket thuc bang _N (vd neg_tc_2 <-> TC_..._2) | D15: pos_tc_N thi van vao pool pos chung nhu 'pos'
A16: 5. Action | B16: Chi dung action trong config/actions.txt | C16: navigate (target=page_key), click, input, clear, select, check_status, check_value, wait_for, assert_url, hover, press_key, scroll_to, dblclick, upload_file, capture, capture_text, set_context, get_context, check_visual, check_a11y | D16: Action la ngoai danh sach -> bao loi runtime
A17: 5. Action | B17: check_status expected | C17: visible / hidden / not_visible / enabled / disabled / checked / unchecked HOAC text (toHaveText - khop TOAN BO text, khong phai contains) | D17: Text khop 1 phan -> FAIL; muon contains dung check_value
A18: 5. Action | B18: assert_url = contains-match voi pattern tuong doi | C18: Pattern '/cart.html' pass khi URL chua no. CAM dung pattern '/' (luon pass - false positive). Wildcard * o dau/cuoi | D18: Loi da gap o TC-INV-016 logout
A19: 5. Action | B19: Khong hard sleep | C19: Dung wait_for (visible|hidden|networkidle|domloaded...) - chinh sach Zero Hard Sleep cua framework
A20: 6. ELEMENT | B20: element_id duy nhat trong pham vi module | C20: Trung id -> cai sau ghi de cai truoc (Map). LOGIN elements va cac module elements duoc gop chung khi resolve | D20: Da don dep 3 dup trong ELEMENT_SAUCEDEMO cu
A21: 6. ELEMENT | B21: Prefix dat ten chuan | C21: txt_, btn_, lbl_, msg_, ddl_/dropdown_/select_, chk_, rad_, img_, link_, badge_ - check_value dua vao prefix de hieu loai element | D21: Dat ten khong prefix -> check_value co the hieu sai loai
A22: 7. PRECONDITION | B22: pre_super_admin_login_success la ID reserved | C22: global-setup.ts hardcode ID nay de login 1 lan va luu storageState - KHONG doi ten, KHONG xoa | D22: Doi ten -> mat co che tai su dung session
A23: 7. PRECONDITION | B23: Module LOGIN khong dung precondition login | C23: Framework tao context MOI cho moi TC cua module LOGIN (dong browser sau moi case) - login nam trong step cua TC | D23: Case can trang thai chua-login (direct access) PHAI nam o module LOGIN
A24: 8. Quy trinh | B24: Them element xong phai chay verify truoc | C24: Lenh: .\run saucedemo local verify (mode B1 quet element) roi moi gen/chay TC | D24: Tranh chay test voi locator sai

Sheet DATA_RULES
A1: Tham so | B1: Dung o dau | C1: Kieu / enum | D1: Rang buoc & gia tri hop le | E1: Boundary / invalid co y nghia | F1: Ghi chu
A2: username | B2: DATA_LOGIN.username | C2: enum (6, case-sensitive) | D2: standard_user | locked_out_user | problem_user | performance_glitch_user | error_user | visual_user | E2: User la / trong -> error message | F2: Hanh vi dac thu: locked_out bi chan; problem_user anh hong; performance_glitch cham; error_user loi JS; visual_user loi UI
A3: password | B3: DATA_LOGIN.password | C3: string hang so | D3: secret_sauce cho MOI user (case-sensitive) | E3: Moi gia tri khac / trong -> error | F3: Khong co user nao password khac
A4: first_name | B4: DATA_CHECKOUT.first_name | C4: string | D4: Bat buoc non-empty. SauceDemo KHONG validate format: so, ky tu dac biet, 1 ky tu deu PASS | E4: Chi empty la negative co y nghia | F4: Dung sinh case format (email, so...) - vo nghia voi app nay
A5: last_name | B5: DATA_CHECKOUT.last_name | C5: string | D5: Nhu first_name | E5: Chi empty
A6: postal_code | B6: DATA_CHECKOUT.postal_code | C6: string | D6: Bat buoc non-empty, khong validate format (chu cai van pass) | E6: Chi empty
A7: error_msg (login) | B7: expected cua check_status/check_value | C7: enum exact string | D7: 'Epic sadface: Sorry, this user has been locked out.' | 'Epic sadface: Username and password do not match any user in this service' | 'Epic sadface: Username is required' | 'Epic sadface: Password is required' | E7: - | F7: Exact string - CONFIRM lai o lan chay verify dau tien cua L3
A8: error_msg (checkout) | B8: expected | C8: enum exact string | D8: 'Error: First Name is required' | 'Error: Last Name is required' | 'Error: Postal Code is required' | E8: - | F8: Confirm lan chay dau
A9: error_msg (direct access) | B9: expected | C9: template dong | D9: "Epic sadface: You can only access '<path>' when you are logged in." - <path> thay doi theo trang | E9: - | F9: Dung check_value contains hoac wildcard, dung exact match ca chuoi
A10: product_name + price | B10: expected | C10: enum (6 cap) | D10: Sauce Labs Backpack $29.99 | Sauce Labs Bike Light $9.99 | Sauce Labs Bolt T-Shirt $15.99 | Sauce Labs Fleece Jacket $49.99 | Sauce Labs Onesie $7.99 | Test.allTheThings() T-Shirt (Red) $15.99 | E10: - | F10: Ten phai khop chinh xac ke ca dau ngoac va dau cham
A11: price format | B11: expected | C11: pattern | D11: $#.## - luon co $ va dung 2 chu so thap phan | E11: -
A12: sort_option | B12: value cua action select | C12: enum (4) | D12: az | za | lohi | hilo | E12: - | F12: La VALUE attribute cua the select, khong phai label hien thi
A13: tax / total | B13: expected (checkout overview) | C13: cong thuc | D13: tax = 8% x item_total (lam tron 2 so le); total = item_total + tax | E13: - | F13: 1 Backpack: 29.99 -> tax 2.40 -> total 32.39. Backpack+Bike Light: 39.98 -> 3.20 -> 43.18. L2 dung so cung cho don gian
A14: badge_cart | B14: expected | C14: int >= 1 hoac AN | D14: Badge chi ton tai khi cart > 0. Cart = 0 -> element KHONG ton tai trong DOM | E14: - | F14: Check cart rong = check_status not_visible. CAM check text '0'
A15: page_key / url | B15: PAGE sheet | C15: relative path | D15: login=/ | inventory=/inventory.html | cart=/cart.html | inventory_item=/inventory-item.html | checkout_step_one/-two/-complete=/checkout-*.html | E15: - | F15: 4 entry cuoi CHUA co trong PAGE - them khi gen L3 (xem L3_PREREQUISITES)
A16: cart state | B16: rule xuyen suot | C16: - | D16: Cart luu THEO USER phia server, KHONG tu reset sau logout hay het session | E16: - | F16: TC lam ban cart phai cleanup (reset app state) hoac dung pre_reset_app_state - tranh leak state giua cac TC/module

Sheet L3_PREREQUISITES
A1: Thu tu gen | B1: Module sheet | C1: PAGE can them | D1: ELEMENT can them (goi y locator) | E1: PRECONDITION can them | F1: DATA sheet can tao | G1: Ghi chu
A2: 1 | B2: TEST_CASE_LOGIN | C2: checkout_step_two (cho ML-LOGIN-013) | D2: Tai dung ELEMENT_LOGIN co san; them btn_burger_menu + link_sidebar_logout (logout case) | E2: Khong dung | F2: DATA_LOGIN: 4 dong pos (4 user hop le) + dong exact-tc_id cho perf glitch + 2 dong exact-tc_id wrong-cred | G2: SAN SANG GEN TRUOC - it phu thuoc nhat, va la module quan trong nhat
A3: 2 | B3: TEST_CASE_INVENTORY | C3: Co san | D3: btn_burger_close (id: react-burger-cross-btn); element name/price cho item nth=0..5 (hoac dung locator >> nth=); img the nth | E3: pre_reset_app_state (MOI) | F3: Khong can | G3: Gen dot 2 - 12/17 case da co nen tang tu bo cu
A4: 3 | B4: TEST_CASE_PRODUCT_DETAIL | C4: inventory_item = /inventory-item.html | D4: btn_add_to_cart_detail (id: add-to-cart), btn_remove_detail (id: remove), btn_back_to_products (id: back-to-products), lbl_detail_name (.inventory_details_name), lbl_detail_price (.inventory_details_price) | E4: pre_reset_app_state | F4: Khong can
A5: 4 | B5: TEST_CASE_CART | C5: Co san | D5: btn_checkout (id: checkout), btn_continue_shopping (id: continue-shopping), lbl_cart_qty (.cart_quantity) | E5: pre_cart_backpack (MOI, chain tu pre_reset_app_state) | F5: Khong can
A6: 5 | B6: TEST_CASE_CHECKOUT | C6: checkout_step_one, checkout_step_two, checkout_complete | D6: txt_first_name (id: first-name), txt_last_name (id: last-name), txt_zip (id: postal-code), btn_continue (id: continue), btn_cancel (id: cancel), btn_finish (id: finish), lbl_item_total (.summary_subtotal_label), lbl_tax (.summary_tax_label), lbl_total (.summary_total_label), msg_checkout_error ([data-test=error]) | E6: pre_checkout_info (MOI, chain tu pre_cart_backpack) | F6: DATA_CHECKOUT: neg_tc_1..3 (bo trong tung field) + 1 dong pos info hop le | G6: Nhieu element moi nhat - PHAI chay verify truoc khi chay test
A7: 6 | B7: TEST_CASE_E2E_FLOW | C7: Tai dung tat ca | D7: msg_order_complete (.complete-header), btn_back_home (id: back-to-products) | E7: Khong dung (journey tu login) | F7: Khong can | G7: GEN CUOI - phu thuoc moi thu da chay xanh
A9: QUY TRINH MOI DOT GEN: (1) them PAGE/ELEMENT/PRECONDITION/DATA theo bang tren -> (2) .\run saucedemo local verify de quet element -> (3) gen TEST_CASE_<module> tu L2 -> (4) .\run saucedemo local -m <module> -> (5) xanh het moi gen module tiep theo.

Sheet L2_LOGIN
A1: ml_tc_id | B1: hl_tc_id | C1: summary (EN) | D1: test data | E1: expected result | F1: type | G1: priority | H1: precondition | I1: data-driven (L3 hint) | J1: note
A2: ML-LOGIN-001 | B2: HL-AUTH-01 | C2: Login succeeds with standard_user | D2: standard_user / secret_sauce | E2: Redirect to /inventory.html, product list visible | F2: pos | G2: P1 | H2: (none) | I2: Y - gop ML-001..004 thanh 1 L3 TC parameterized=Y type=pos; DATA_LOGIN 4 dong pos | J2: 1 iteration / user
A3: ML-LOGIN-002 | B3: HL-AUTH-01 | C3: Login succeeds with problem_user | D3: problem_user / secret_sauce | E3: Redirect to /inventory.html | F3: pos | G3: P1 | H3: (none) | I3: (gop vao TC tren)
A4: ML-LOGIN-003 | B4: HL-AUTH-01 | C4: Login succeeds with error_user | D4: error_user / secret_sauce | E4: Redirect to /inventory.html | F4: pos | G4: P1 | H4: (none) | I4: (gop vao TC tren)
A5: ML-LOGIN-004 | B5: HL-AUTH-01 | C5: Login succeeds with visual_user | D5: visual_user / secret_sauce | E5: Redirect to /inventory.html | F5: pos | G5: P1 | H5: (none) | I5: (gop vao TC tren)
A6: ML-LOGIN-005 | B6: HL-AUTH-02 | C6: Login blocked for locked_out_user | D6: locked_out_user / secret_sauce | E6: Error: 'Epic sadface: Sorry, this user has been locked out.' | F6: neg | G6: P1 | H6: (none) | I6: N - hardcode (da co TC-LOGIN-002)
A7: ML-LOGIN-006 | B7: HL-AUTH-03 | C7: Login rejected with wrong password | D7: standard_user / wrong_password | E7: Error: 'Epic sadface: Username and password do not match any user in this service' | F7: neg | G7: P1 | H7: (none) | I7: Y - DATA row voi test_case_type = chinh xac tc_id cua L3 | J7: exact string confirm khi chay L3
A8: ML-LOGIN-007 | B8: HL-AUTH-03 | C8: Login rejected with non-existent username | D8: no_such_user / secret_sauce | E8: Error: 'Epic sadface: Username and password do not match any user in this service' | F8: neg | G8: P2 | H8: (none) | I8: Y - nhu tren
A9: ML-LOGIN-008 | B9: HL-AUTH-03 | C9: Login rejected with empty username | D9: (blank) / secret_sauce | E9: Error: 'Epic sadface: Username is required' | F9: neg | G9: P1 | H9: (none) | I9: N - value de trong, khong can DATA
A10: ML-LOGIN-009 | B10: HL-AUTH-03 | C10: Login rejected with empty password | D10: standard_user / (blank) | E10: Error: 'Epic sadface: Password is required' | F10: neg | G10: P1 | H10: (none) | I10: N
A11: ML-LOGIN-010 | B11: HL-AUTH-04 | C11: Logout via burger menu returns to login page | D11: - | E11: Login page displayed, btn_login visible | F11: pos | G11: P1 | H11: (none) - login trong step | I11: N | J11: da co ban fix TC-INV-016, chuyen ve module LOGIN
A12: ML-LOGIN-011 | B12: HL-AUTH-04 | C12: Inventory not accessible after logout | D12: navigate /inventory.html sau khi logout | E12: Error 'Epic sadface: You can only access...' , van o trang login | F12: neg | G12: P2 | H12: (none) - login+logout trong step | I12: N
A13: ML-LOGIN-012 | B13: HL-AUTH-05 | C13: Direct access to /inventory.html without login is blocked | D13: chua login, navigate inventory | E13: Error: "Epic sadface: You can only access '/inventory.html' when you are logged in." | F13: neg | G13: P1 | H13: (none) | I13: N | J13: can bao dam khong dung storageState cho TC nay - module LOGIN tao context moi moi TC
A14: ML-LOGIN-013 | B14: HL-AUTH-05 | C14: Direct access to /checkout-step-two.html without login is blocked | D14: chua login, navigate checkout_step_two | E14: Error 'Epic sadface: You can only access...' | F14: neg | G14: P2 | H14: (none) | I14: N | J14: can PAGE checkout_step_two
A15: ML-LOGIN-014 | B15: HL-PERF-01 | C15: performance_glitch_user completes login within framework timeout | D15: performance_glitch_user / secret_sauce | E15: Redirect /inventory.html trong timeout (wait_for networkidle) | F15: pos | G15: P3 | H15: (none) | I15: Y - DATA row exact tc_id (tranh bi hut vao pool pos chung)
A16: ML-LOGIN-015 | B16: HL-VIS-01 | C16: Login page matches visual baseline | D16: - | E16: check_visual login page PASS | F16: pos | G16: P2 | H16: (none) | I16: N

Sheet L2_INVENTORY
A1: ml_tc_id | B1: hl_tc_id | C1: summary (EN) | D1: test data | E1: expected result | F1: type | G1: priority | H1: precondition | I1: data-driven (L3 hint) | J1: note
A2: ML-INV-001 | B2: HL-INV-01 | C2: Inventory shows exactly 6 product cards | D2: - | E2: 6 items hien thi du | F2: pos | G2: P1 | H2: pre_super_admin_login_success, pre_reset_app_state | I2: N | J2: L3: check_status item thu 6 visible (nth=5) + item thu 7 khong ton tai
A3: ML-INV-002 | B3: HL-INV-01 | C3: All product names and prices are correct | D3: Backpack $29.99, Bike Light $9.99, Bolt T-Shirt $15.99, Fleece Jacket $49.99, Onesie $7.99, Test.allTheThings() T-Shirt (Red) $15.99 | E3: Tung name/price khop | F3: pos | G3: P1 | H3: pre_super_admin_login_success, pre_reset_app_state | I3: N | J3: 1 L3 TC nhieu step check_value
A4: ML-INV-003 | B4: HL-INV-01 | C4: Product images are displayed for standard_user | D4: - | E4: 6 anh san pham visible | F4: pos | G4: P2 | H4: pre_super_admin_login_success, pre_reset_app_state | I4: N
A5: ML-INV-004 | B5: HL-INV-02 | C5: Sort Name A to Z orders products alphabetically | D5: select az | E5: First item = Sauce Labs Backpack | F5: pos | G5: P2 | H5: pre_super_admin_login_success, pre_reset_app_state | I5: N | J5: da co TC-INV-009
A6: ML-INV-005 | B6: HL-INV-02 | C6: Sort Name Z to A reverses the order | D6: select za | E6: First item = Test.allTheThings() T-Shirt (Red) | F6: pos | G6: P2 | H6: pre_super_admin_login_success, pre_reset_app_state | I6: N | J6: da co TC-INV-010
A7: ML-INV-006 | B7: HL-INV-02 | C7: Sort Price low to high orders by ascending price | D7: select lohi | E7: First price = $7.99 | F7: pos | G7: P2 | H7: pre_super_admin_login_success, pre_reset_app_state | I7: N | J7: da co TC-INV-011
A8: ML-INV-007 | B8: HL-INV-02 | C8: Sort Price high to low orders by descending price | D8: select hilo | E8: First price = $49.99 | F8: pos | G8: P2 | H8: pre_super_admin_login_success, pre_reset_app_state | I8: N | J8: da co TC-INV-012
A9: ML-INV-008 | B9: HL-INV-03 | C9: Adding one product updates badge and swaps button to Remove | D9: add Backpack | E9: Badge = 1, nut doi thanh Remove | F9: pos | G9: P1 | H9: pre_super_admin_login_success, pre_reset_app_state | I9: N | J9: da co TC-INV-005
A10: ML-INV-009 | B10: HL-INV-03 | C10: Adding two products shows badge 2 | D10: add Backpack + Bike Light | E10: Badge = 2 | F10: pos | G10: P1 | H10: pre_super_admin_login_success, pre_reset_app_state | I10: N | J10: da co TC-INV-006
A11: ML-INV-010 | B11: HL-INV-03 | C11: Removing one of two products shows badge 1 | D11: add 2, remove Backpack | E11: Badge = 1 | F11: pos | G11: P2 | H11: pre_super_admin_login_success, pre_reset_app_state | I11: N | J11: bien the moi cua TC-INV-007
A12: ML-INV-011 | B12: HL-INV-03 | C12: Removing all products hides the badge and restores buttons | D12: add 2, remove 2 | E12: Badge an, nut ve lai Add to cart | F12: pos | G12: P1 | H12: pre_super_admin_login_success, pre_reset_app_state | I12: N | J12: da co TC-INV-008
A13: ML-INV-012 | B13: HL-NAV-01 | C13: Burger menu opens with all four links visible | D13: - | E13: All Items / About / Logout / Reset App State visible | F13: pos | G13: P2 | H13: pre_super_admin_login_success, pre_reset_app_state | I13: N | J13: mo rong TC-INV-013
A14: ML-INV-013 | B14: HL-NAV-01 | C14: All Items link returns to inventory | D14: tu trang cart | E14: URL /inventory.html | F14: pos | G14: P2 | H14: pre_super_admin_login_success, pre_reset_app_state | I14: N | J14: da co TC-INV-014 (nang cap: di tu cart de link co y nghia)
A15: ML-INV-014 | B15: HL-NAV-01 | C15: About link opens saucelabs.com | D15: - | E15: URL chua saucelabs.com | F15: pos | G15: P2 | H15: pre_super_admin_login_success, pre_reset_app_state | I15: N | J15: TC-INV-015 dang thieu; external site - can navigate back
A16: ML-INV-015 | B16: HL-NAV-01 | C16: Reset App State clears the cart badge | D16: add 1 item roi reset | E16: Badge an | F16: pos | G16: P2 | H16: pre_super_admin_login_success, pre_reset_app_state | I16: N | J16: da co TC-INV-017
A17: ML-INV-016 | B17: HL-NAV-02 | C17: Footer social links have correct hrefs | D17: Twitter/X, Facebook, LinkedIn | E17: href = twitter.com/saucelabs, facebook.com/saucelabs, linkedin.com/company/sauce-labs | F17: pos | G17: P3 | H17: pre_super_admin_login_success, pre_reset_app_state | I17: N | J17: 1 TC 3 step check_value href; khong navigate that
A18: ML-INV-017 | B18: HL-VIS-01 | C18: Inventory page matches visual baseline | D18: - | E18: check_visual PASS | F18: pos | G18: P2 | H18: pre_super_admin_login_success, pre_reset_app_state | I18: N

Sheet L2_PRODUCT_DETAIL
A1: ml_tc_id | B1: hl_tc_id | C1: summary (EN) | D1: test data | E1: expected result | F1: type | G1: priority | H1: precondition | I1: data-driven (L3 hint) | J1: note
A2: ML-PD-001 | B2: HL-INV-04 | C2: Detail opens from product image with consistent data | D2: click anh Backpack | E2: URL /inventory-item.html, name/price khop ($29.99) | F2: pos | G2: P2 | H2: pre_super_admin_login_success, pre_reset_app_state | I2: N | J2: nang cap TC-INV-002: them check noi dung
A3: ML-PD-002 | B3: HL-INV-04 | C3: Detail opens from product title with consistent data | D3: click ten Backpack | E3: nhu tren | F3: pos | G3: P2 | H3: pre_super_admin_login_success, pre_reset_app_state | I3: N | J3: nang cap TC-INV-003
A4: ML-PD-003 | B4: HL-INV-05 | C4: Add to cart from detail page updates badge | D4: tren trang detail | E4: Badge = 1, nut Remove hien thi | F4: pos | G4: P2 | H4: pre_super_admin_login_success, pre_reset_app_state | I4: N | J4: can element btn_add_to_cart_detail (id add-to-cart)
A5: ML-PD-004 | B5: HL-INV-05 | C5: Remove from detail page hides badge | D5: add roi remove tren detail | E5: Badge an | F5: pos | G5: P2 | H5: pre_super_admin_login_success, pre_reset_app_state | I5: N
A6: ML-PD-005 | B6: HL-INV-06 | C6: Back to products returns to inventory | D6: - | E6: URL /inventory.html, list visible | F6: pos | G6: P3 | H6: pre_super_admin_login_success, pre_reset_app_state | I6: N | J6: can element btn_back_to_products

Sheet L2_CART
A1: ml_tc_id | B1: hl_tc_id | C1: summary (EN) | D1: test data | E1: expected result | F1: type | G1: priority | H1: precondition | I1: data-driven (L3 hint) | J1: note
A2: ML-CART-001 | B2: HL-CART-01 | C2: Cart shows the seeded item with correct name, price and qty | D2: precondition: Backpack trong cart | E2: 1 dong: Sauce Labs Backpack / $29.99 / QTY 1 | F2: pos | G2: P1 | H2: pre_super_admin_login_success, pre_cart_backpack | I2: N | J2: nang cap TC-CART-001
A3: ML-CART-002 | B3: HL-CART-01 | C3: Cart shows two items correctly | D3: them Bike Light trong step | E3: 2 dong dung name/price | F3: pos | G3: P2 | H3: pre_super_admin_login_success, pre_cart_backpack | I3: N
A4: ML-CART-003 | B4: HL-CART-02 | C4: Removing an item in the cart updates list and badge | D4: remove Backpack trong cart | E4: Dong item bien mat, badge an | F4: pos | G4: P1 | H4: pre_super_admin_login_success, pre_cart_backpack | I4: N
A5: ML-CART-004 | B5: HL-CART-03 | C5: Continue Shopping returns to inventory keeping cart state | D5: - | E5: URL /inventory.html, badge van = 1 | F5: pos | G5: P2 | H5: pre_super_admin_login_success, pre_cart_backpack | I5: N | J5: can element btn_continue_shopping
A6: ML-CART-005 | B6: HL-VIS-01 | C6: Cart page matches visual baseline | D6: cart co 1 item | E6: check_visual PASS | F6: pos | G6: P2 | H6: pre_super_admin_login_success, pre_cart_backpack | I6: N

Sheet L2_CHECKOUT
A1: ml_tc_id | B1: hl_tc_id | C1: summary (EN) | D1: test data | E1: expected result | F1: type | G1: priority | H1: precondition | I1: data-driven (L3 hint) | J1: note
A2: ML-CHK-001 | B2: HL-CHK-01 | C2: Empty First Name blocks checkout | D2: last=Tran, zip=100000 | E2: Error: 'Error: First Name is required' | F2: neg | G2: P1 | H2: pre_super_admin_login_success, pre_checkout_info | I2: Y - 3 dong DATA neg (neg_tc_1..3) cho 1 L3 TC parameterized | J2: exact string confirm khi chay L3
A3: ML-CHK-002 | B3: HL-CHK-01 | C3: Empty Last Name blocks checkout | D3: first=TT, zip=100000 | E3: Error: 'Error: Last Name is required' | F3: neg | G3: P1 | H3: pre_super_admin_login_success, pre_checkout_info | I3: (gop DATA voi tren)
A4: ML-CHK-003 | B4: HL-CHK-01 | C4: Empty Postal Code blocks checkout | D4: first=TT, last=Tran | E4: Error: 'Error: Postal Code is required' | F4: neg | G4: P1 | H4: pre_super_admin_login_success, pre_checkout_info | I4: (gop DATA voi tren)
A5: ML-CHK-004 | B5: HL-CHK-01 | C5: Valid information proceeds to Overview | D5: TT / Tran / 100000 | E5: URL /checkout-step-two.html | F5: pos | G5: P1 | H5: pre_super_admin_login_success, pre_checkout_info | I5: N | J5: control case
A6: ML-CHK-005 | B6: HL-CHK-02 | C6: Overview shows correct item total, tax and total | D6: cart = 1 Backpack $29.99 | E6: Item total $29.99, Tax $2.40, Total $32.39 (tax 8%) | F6: pos | G6: P1 | H6: pre_super_admin_login_success, pre_checkout_info | I6: N | J6: L3: check_value 3 label; so cung de don gian, khong tinh dong
A7: ML-CHK-006 | B7: HL-CHK-04 | C7: Cancel at Information returns to Cart with item intact | D7: - | E7: URL /cart.html, item van con | F7: pos | G7: P2 | H7: pre_super_admin_login_success, pre_checkout_info | I7: N | J7: can element btn_cancel
A8: ML-CHK-007 | B8: HL-CHK-04 | C8: Cancel at Overview returns to Inventory keeping badge | D8: dien info hop le roi cancel | E8: URL /inventory.html, badge = 1 | F8: pos | G8: P2 | H8: pre_super_admin_login_success, pre_checkout_info | I8: N
A9: ML-CHK-008 | B9: HL-VIS-01 | C9: Checkout Overview matches visual baseline | D9: cart = 1 Backpack | E9: check_visual PASS | F9: pos | G9: P2 | H9: pre_super_admin_login_success, pre_checkout_info | I9: N

Sheet L2_E2E_FLOW
A1: ml_tc_id | B1: hl_tc_id | C1: summary (EN) | D1: test data | E1: expected result | F1: type | G1: priority | H1: precondition | I1: data-driven (L3 hint) | J1: note
A2: ML-E2E-001 | B2: HL-CHK-03 | C2: Full purchase journey completes with order confirmation | D2: standard_user; Backpack + Bike Light; TT/Tran/100000 | E2: Overview total dung ($39.98 + tax $3.20 = $43.18); Finish -> 'Thank you for your order!'; Back Home -> inventory, badge an | F2: pos | G2: P1 | H2: (none) - journey tu login | I2: N | J2: smoke E2E - chay dau moi build; can element btn_finish, btn_back_home, msg_order_complete
A3: ML-E2E-002 | B3: HL-CART-04 | C3: Cart persists after logout and re-login | D3: add Backpack -> logout -> login lai standard_user | E3: Badge van = 1 sau khi login lai; cleanup: reset app state cuoi TC | F3: pos | G3: P3 | H3: (none) | I3: N | J3: SauceDemo luu cart theo user - nho cleanup de khong leak sang TC khac
A4: ML-E2E-003 | B4: HL-UX-01 | C4: problem_user sees broken product images | D4: problem_user login | E4: Anh san pham sai (tat ca cung 1 anh sl-404.jpg) - check_value img src chua 'sl-404' | F4: neg | G4: P3 | H4: (none) | I4: N | J4: known-defect detection - demo framework bat UI bug
